{
    "children": [
        {
            "config": [
                -1.0,
                1.0,
                -1.0,
                -1.0,
                1.0
            ],
            "gain": [
                5.551115123125783e-17,
                1.0,
                5.551115123125783e-17,
                -5.551115123125783e-17,
                1.0
            ]
        },
        {
            "config": [
                1.0,
                1.0,
                -1.0,
                -1.0,
                1.0
            ],
            "gain": [
                -5.551115123125783e-17,
                0.0,
                1.0,
                1.0,
                -5.551115123125783e-17
            ]
        }
    ],
    "config": [
        1.0,
        1.0,
        -1.0,
        -1.0,
        1.0
    ],
    "gain": [
        -5.551115123125783e-17,
        0.0,
        1.0,
        1.0,
        -5.551115123125783e-17
    ]
}