{
    "children": [
        {
            "config": [
                1.0,
                1.0,
                -1.0,
                1.0,
                1.0
            ],
            "gain": [
                -1.0000000000000022,
                -0.9999999999999989,
                2.000000000000001,
                -0.9999999999999989,
                -0.9999999999999989
            ]
        },
        {
            "config": [
                -1.0,
                1.0,
                -1.0,
                1.0,
                1.0
            ],
            "gain": [
                1.0000000000000022,
                2.220446049250313e-15,
                1.0000000000000022,
                2.220446049250313e-15,
                2.220446049250313e-15
            ]
        }
    ],
    "config": [
        -1.0,
        1.0,
        -1.0,
        1.0,
        1.0
    ],
    "gain": [
        1.0000000000000022,
        2.220446049250313e-15,
        1.0000000000000022,
        2.220446049250313e-15,
        2.220446049250313e-15
    ]
}