{
    "children": [
        {
            "config": [
                -1.0,
                1.0,
                -1.0,
                1.0,
                -1.0
            ],
            "gain": [
                4.440892098500626e-16,
                1.0000000000000004,
                4.440892098500626e-16,
                1.0000000000000004,
                -8.881784197001252e-16
            ]
        },
        {
            "config": [
                -1.0,
                1.0,
                -1.0,
                1.0,
                1.0
            ],
            "gain": [
                1.0000000000000009,
                8.881784197001252e-16,
                1.0000000000000009,
                8.881784197001252e-16,
                8.881784197001252e-16
            ]
        }
    ],
    "config": [
        -1.0,
        1.0,
        -1.0,
        1.0,
        1.0
    ],
    "gain": [
        1.0000000000000009,
        8.881784197001252e-16,
        1.0000000000000009,
        8.881784197001252e-16,
        8.881784197001252e-16
    ]
}