{
    "children": [
        {
            "config": [
                -1.0,
                -1.0,
                -1.0,
                1.0,
                1.0
            ],
            "gain": [
                1.1102230246251565e-15,
                -2.220446049250313e-15,
                1.1102230246251565e-15,
                1.0000000000000009,
                1.0000000000000009
            ]
        },
        {
            "config": [
                -1.0,
                1.0,
                -1.0,
                1.0,
                1.0
            ],
            "gain": [
                1.0000000000000022,
                2.220446049250313e-15,
                1.0000000000000022,
                2.220446049250313e-15,
                2.220446049250313e-15
            ]
        }
    ],
    "config": [
        -1.0,
        1.0,
        -1.0,
        1.0,
        1.0
    ],
    "gain": [
        1.0000000000000022,
        2.220446049250313e-15,
        1.0000000000000022,
        2.220446049250313e-15,
        2.220446049250313e-15
    ]
}