{
    "children": [
        {
            "config": [
                -1.0,
                -1.0,
                -1.0,
                1.0,
                1.0
            ],
            "gain": [
                3.1086244689504383e-15,
                -6.217248937900877e-15,
                3.1086244689504383e-15,
                1.000000000000003,
                1.000000000000003
            ]
        },
        {
            "config": [
                -1.0,
                1.0,
                -1.0,
                1.0,
                1.0
            ],
            "gain": [
                1.0000000000000062,
                6.217248937900877e-15,
                1.0000000000000062,
                6.217248937900877e-15,
                6.217248937900877e-15
            ]
        }
    ],
    "config": [
        -1.0,
        1.0,
        -1.0,
        1.0,
        1.0
    ],
    "gain": [
        1.0000000000000062,
        6.217248937900877e-15,
        1.0000000000000062,
        6.217248937900877e-15,
        6.217248937900877e-15
    ]
}