{
    "children": [
        {
            "config": [
                -1.0,
                1.0,
                1.0,
                1.0,
                1.0
            ],
            "gain": [
                2.0,
                -0.9999999999999999,
                -1.0000000000000004,
                -0.9999999999999999,
                -0.9999999999999999
            ]
        },
        {
            "config": [
                -1.0,
                1.0,
                -1.0,
                1.0,
                1.0
            ],
            "gain": [
                1.0000000000000004,
                2.7755575615628914e-16,
                1.0000000000000004,
                2.7755575615628914e-16,
                2.7755575615628914e-16
            ]
        }
    ],
    "config": [
        -1.0,
        1.0,
        -1.0,
        1.0,
        1.0
    ],
    "gain": [
        1.0000000000000004,
        2.7755575615628914e-16,
        1.0000000000000004,
        2.7755575615628914e-16,
        2.7755575615628914e-16
    ]
}